IoT 프로젝트가 실패하는 다섯 가지 이유 ,https://www.itworld.co.kr//news/189773
"""RSA 알고리즘이 깨졌을 때"" 암호화의 미래",https://www.itworld.co.kr//news/189763
AMD 라이젠 5000 모바일 CPU 첫 탑재한 델 에일리언웨어 신제품 탐구,https://www.itworld.co.kr//news/189758
토픽브리핑 | 네트워크와 보안을 함께 제공하는 SASE가 떠오른다 ,https://www.itworld.co.kr//news/189753
"내 PC 프로세서 기본 정보, 윈도우 10에서 확인하는 방법",https://www.itworld.co.kr//news/189738
“공유를 넘어 협업으로” 크롬에서 스크린샷을 공유하는 가장 똑똑한 방법,https://www.itworld.co.kr//news/189733
"알 수 없는 맥 스토리지 장애, '스냅샷'이 원인이었다",https://www.itworld.co.kr//news/189723
"안랩, ‘4차 재난지원금 지원대상자’ 안내로 위장한 스미싱 문자 주의 당부",https://www.itworld.co.kr//news/189713
"자브라, 노이즈 캔슬링 기능 탑재한 프리미엄 블루투스 헤드셋 출시",https://www.itworld.co.kr//news/189703
"후오비 코리아, “김치 프리미엄 과열로 가상자산 투자 유의해야”",https://www.itworld.co.kr//news/189688
"VM웨어, 컨테이너와 쿠버네티스 보안 위한 클라우드 워크로드 보호 지원 확대",https://www.itworld.co.kr//news/189678
'사용자보다는 은행이 보안 구멍'… 오픈 뱅킹 '순진한 신참자' 리스크,https://www.itworld.co.kr//news/189673
페이스북 데이터 유출 5억 건…이메일 주소로 피해 여부 확인하는 법,https://www.itworld.co.kr//news/189668
에어드롭으로 영상 전송시 해상도가 낮아지는 이유와 해법,https://www.itworld.co.kr//news/189663
"사이버 범죄 조직, 가짜 구인 이메일 통해 백도어 설치…이센타이어 ",https://www.itworld.co.kr//news/189638
